id,nj,chain,pct_fte,wage_st,hrsopen,diff_fte
46,0,1,74.0740740740741,NA,16.5,-16.5
46,0,1,14.5833333333333,4.3,16.5,-16.5
49,0,2,47.2727272727273,NA,13,-2.25
49,0,2,0,4.45,13,-2.25
506,0,2,35.2941176470588,NA,10,2
506,0,2,28.5714285714286,5,11,2
56,0,4,58.8235294117647,5,12,-14
56,0,4,0,5.25,12,-14
61,0,4,25,5.5,12,11.5
61,0,4,78.8732394366197,4.75,12,11.5
62,0,4,0,5,12,NA
62,0,4,NA,NA,12,NA
445,0,1,70.9219858156028,5,18,-41.5
445,0,1,51.7241379310345,4.75,18,-41.5
451,0,1,42.5531914893617,5,24,13
451,0,1,71.2328767123288,5,24,13
455,0,2,18.1818181818182,5.25,10,0
455,0,2,27.2727272727273,5,11,0
458,0,2,22.2222222222222,5,10,-0.5
458,0,2,23.5294117647059,5,10.5,-0.5
462,0,3,16.1290322580645,5,12.5,2
462,0,3,5.71428571428571,4.75,12,2
468,0,1,68.9655172413793,5,18,-29
468,0,1,31.0344827586207,5,18,-29
469,0,1,30.188679245283,5,18,4
469,0,1,22.9508196721311,4.5,18,4
470,0,1,36.8421052631579,5.5,18,-2.5
470,0,1,69.2307692307692,4.75,18,-2.5
474,0,1,44.4444444444444,5,12.5,4.5
474,0,1,27.7777777777778,4.5,13,4.5
481,0,2,29.8507462686567,5.25,10,3.25
481,0,2,75,5,11,3.25
483,0,2,10.5263157894737,5,10,4
483,0,2,29.6296296296296,4.75,11,4
487,0,3,66.6666666666667,5,11.5,4
487,0,3,31.5789473684211,4.75,11,4
488,0,3,67.7966101694915,5,16,-14
488,0,3,32.258064516129,4.75,15,-14
489,0,3,27.027027027027,5,14,-4
489,0,3,13.7931034482759,4.25,11.5,-4
490,0,3,49.3827160493827,5,16,-6.25
490,0,3,14.2857142857143,5,16,-6.25
493,0,3,75,5,16,-17
493,0,3,0,4.9,16,-17
495,0,3,19.047619047619,5,15,0
495,0,3,38.0952380952381,5,16,0
496,0,3,48.780487804878,5,16,-2.5
496,0,3,55.5555555555556,4.75,16,-2.5
499,0,4,0,5,12,1.5
499,0,4,0,5,12,1.5
509,0,3,21.4285714285714,5,16,-0.5
509,0,3,40.7407407407407,4.25,15.5,-0.5
515,0,3,36.8421052631579,5,16,-1.5
515,0,3,28.5714285714286,4.75,16,-1.5
37,0,1,64.6153846153846,4.25,16.5,-7
37,0,1,23.5294117647059,4.25,16.5,-7
39,0,1,5.26315789473684,4.25,17.5,-3.5
39,0,1,32.258064516129,NA,16.5,-3.5
40,0,1,37.037037037037,4.25,16.5,-1.5
40,0,1,27.4509803921569,4.25,17.5,-1.5
41,0,1,0,4.25,16.5,7.5
41,0,1,0,4.25,17.5,7.5
42,0,1,70.8333333333333,4.5,16.5,-8
42,0,1,0,4.25,16.5,-8
45,0,1,0,4.25,16,1
45,0,1,57.8947368421053,4.25,17.5,1
47,0,1,NA,4.5,17,NA
47,0,1,0,4.25,18,NA
48,0,1,31.5789473684211,4.25,14,6
48,0,1,30,4.38,14,6
50,0,2,42.8571428571429,4.5,12,3
50,0,2,23.5294117647059,4.75,13,3
51,0,2,0,4.25,13,6
51,0,2,36.3636363636364,4.25,13,6
57,0,4,78.9473684210526,4.67,12,-18
57,0,4,35,4.5,12,-18
58,0,4,34.0425531914894,4.75,12,-5.5
58,0,4,0,4.5,12,-5.5
59,0,4,0,4.25,10.5,1.5
59,0,4,0,4.25,10.5,1.5
60,0,4,40,4.25,11.5,0
60,0,4,40,4.25,12,0
407,0,2,18.1818181818182,4.75,10,0
407,0,2,9.09090909090909,4.25,11,0
430,0,1,54.7945205479452,4.25,15,-9.5
430,0,1,0,4.25,16,-9.5
432,0,1,38.0952380952381,4.5,16,-18.5
432,0,1,73.5294117647059,5.05,16,-18.5
433,0,1,34.4827586206897,4.25,16,-4
433,0,1,0,NA,16,-4
434,0,1,33.3333333333333,4.25,16,-7.5
434,0,1,50.6666666666667,4.25,16,-7.5
435,0,1,4.3956043956044,4.25,15.5,-1.75
435,0,1,0,4.25,15.5,-1.75
438,0,2,0,4.25,8,2
438,0,2,21.0526315789474,4.25,9,2
440,0,4,0,4.25,11.5,2.5
440,0,4,0,NA,11.5,2.5
441,0,4,78.9473684210526,4.25,11.5,-20
441,0,4,0,4.25,11.5,-20
443,0,4,22.8571428571429,4.25,11.5,1.5
443,0,4,26.3157894736842,4.35,11.5,1.5
444,0,4,48,4.25,12.5,6.5
444,0,4,31.7460317460317,4.5,11.5,6.5
446,0,1,NA,4.5,18,NA
446,0,1,30.4347826086957,5,18,NA
448,0,1,38.0952380952381,4.75,18,3.5
448,0,1,32.6530612244898,4.5,18,3.5
449,0,1,0,4.87,18,12
449,0,1,54.5454545454545,5,18,12
450,0,1,12.9032258064516,4.75,16.5,19
450,0,1,79.7101449275362,4.75,18,19
454,0,2,11.7647058823529,4.5,10,5.5
454,0,2,0,5,11,5.5
459,0,3,27.7777777777778,4.25,16,-3
459,0,3,0,4.35,15,-3
466,0,4,38.5542168674699,4.75,11.5,2.25
466,0,4,60.8695652173913,NA,11.5,2.25
471,0,1,64.1025641025641,4.25,18,-12.5
471,0,1,45.2830188679245,4.25,18,-12.5
472,0,1,90.3614457831325,4.25,16.5,-18
472,0,1,34.0425531914894,4.9,17,-18
473,0,1,22.2222222222222,4.75,17,13
473,0,1,73.2394366197183,4.5,17,13
475,0,1,78.125,4.5,15,-11
475,0,1,47.6190476190476,4.5,15,-11
476,0,1,25,4.25,18,-1
476,0,1,21.7391304347826,4.75,18,-1
477,0,1,30.7692307692308,4.25,16.5,-6
477,0,1,30,6.25,17,-6
478,0,1,65.979381443299,4.5,19,-21.5
478,0,1,29.6296296296296,4.35,18,-21.5
485,0,2,11.7647058823529,4.5,10,4.5
485,0,2,30.7692307692308,4.5,11,4.5
491,0,3,21.6216216216216,4.5,13,-18.5
491,0,3,NA,NA,NA,-18.5
492,0,3,15.3846153846154,4.5,12.5,0.5
492,0,3,29.6296296296296,4.5,12.5,0.5
497,0,4,53.3333333333333,4.5,12,NA
497,0,4,NA,NA,12,NA
498,0,4,71.4285714285714,4.75,12,-1.25
498,0,4,78.5046728971963,5,12,-1.25
501,0,1,57.1428571428571,4.25,16.5,19
501,0,1,68.9655172413793,4.75,18,19
503,0,1,40.5405405405405,4.75,16.5,22.75
503,0,1,84.8484848484848,4.5,18,22.75
510,0,3,29.7872340425532,4.25,16,-9.25
510,0,3,17.5438596491228,NA,15,-9.25
511,0,3,26.6666666666667,4.75,16.5,-2.5
511,0,3,24,4.75,15,-2.5
514,0,3,27.7777777777778,4.5,16,16
514,0,3,67.6470588235294,4.25,16,16
516,0,3,29.6296296296296,4.75,16,-10.25
516,0,3,20,4.91,14,-10.25
521,0,1,16.1290322580645,4.25,16.5,-1.5
521,0,1,0,4.4,16,-1.5
522,0,1,9.52380952380952,4.35,16,-3.5
522,0,1,17.1428571428571,4.25,16,-3.5
113,1,1,0,NA,16,12
113,1,1,7.40740740740741,5.05,16,12
123,1,1,0,NA,14.5,6.5
123,1,1,23.2558139534884,5.05,14,6.5
135,1,3,41.6666666666667,NA,12.5,-1
135,1,3,34.7826086956522,5.05,11.5,-1
138,1,3,23.3766233766234,NA,11.5,2.25
138,1,3,9.30232558139535,5.05,11.5,2.25
153,1,1,0,NA,17,13
153,1,1,76.8115942028985,5.05,17,13
181,1,2,0,NA,11,1
181,1,2,9.52380952380952,5.05,11,1
191,1,4,68.1818181818182,NA,12,-27.5
191,1,4,0,5.05,12,-27.5
231,1,1,NA,NA,16,NA
231,1,1,69.5652173913043,5.05,16,NA
236,1,1,0,NA,17,17
236,1,1,60.5263157894737,5.05,18,17
254,1,4,71.4285714285714,NA,16,8
254,1,4,77.7777777777778,5.25,15,8
255,1,4,0,NA,14,6
255,1,4,50,NA,14,6
294,1,1,0,NA,16,0
294,1,1,0,5.05,16,0
306,1,3,58.8235294117647,NA,17,-6.5
306,1,3,31.5789473684211,5.05,18,-6.5
311,1,4,0,NA,11.5,34
311,1,4,66.0377358490566,5.05,11.5,34
315,1,1,30.3030303030303,NA,16,0
315,1,1,27.2727272727273,5.05,16,0
335,1,1,52.9411764705882,NA,17,-0.5
335,1,1,42.4242424242424,5.05,17,-0.5
372,1,1,0,NA,19,17.5
372,1,1,66.6666666666667,5.05,18.5,17.5
6,1,3,40,5,7,3
6,1,3,62.5,5.05,8,3
14,1,2,62.5,5.12,11,-0.5
14,1,2,25.8064516129032,5.05,11,-0.5
26,1,1,72.289156626506,5.56,16,-17.5
26,1,1,41.6666666666667,5.05,16,-17.5
27,1,2,30.7692307692308,5,10,-5.5
27,1,2,0,5.05,10,-5.5
30,1,2,60,5,10,-2.5
30,1,2,53.3333333333333,5.05,10,-2.5
31,1,2,26.6666666666667,5.25,11,3.5
31,1,2,32.4324324324324,5.05,12.5,3.5
33,1,3,46.1538461538462,5,17,-9.5
33,1,3,36.3636363636364,5.05,17,-9.5
36,1,4,44.4444444444444,5.5,13,15.5
36,1,4,29.8507462686567,5.05,12.5,15.5
77,1,3,17.1428571428571,5,19,2
77,1,3,10.8108108108108,5.05,19,2
78,1,3,61.9047619047619,5,17,-3
78,1,3,55.5555555555556,5.05,16,-3
81,1,4,72.463768115942,5,12,-8
81,1,4,0,5.05,11.5,-8
82,1,4,43.8356164383562,5,13.5,14.75
82,1,4,75.7575757575758,5.05,13.5,14.75
83,1,4,51.0204081632653,5,13.5,NA
83,1,4,NA,5.05,14,NA
85,1,1,35,5.5,12.5,0.5
85,1,1,0,5.05,12.5,0.5
89,1,1,62.5,5,16,8.5
89,1,1,24.4897959183673,5.5,16,8.5
94,1,2,0,5,10,-1.5
94,1,2,12.5,5.05,10,-1.5
103,1,4,60.9756097560976,5,11.5,NA
103,1,4,NA,5.05,12.5,NA
112,1,4,20,5,14,3.5
112,1,4,21.2765957446809,5.05,12.5,3.5
128,1,2,53.0612244897959,5,11,0.75
128,1,2,23.0769230769231,5.05,11,0.75
129,1,3,60.6060606060606,5.25,16,-13
129,1,3,35,5.05,16,-13
131,1,3,47.6190476190476,5.5,17,-9.5
131,1,3,36.3636363636364,5.05,15,-9.5
139,1,4,NA,5.5,12.5,NA
139,1,4,38.5964912280702,5.5,12,NA
143,1,4,0,5.37,11.5,NA
143,1,4,NA,NA,NA,NA
144,1,4,35.7142857142857,5.05,12.5,-2.5
144,1,4,15.6862745098039,5.05,12.5,-2.5
145,1,1,30.3030303030303,5,16,1.5
145,1,1,55.5555555555556,5.28,16,1.5
147,1,1,57.6271186440678,5.12,14,-5.75
147,1,1,66.6666666666667,5.25,14,-5.75
148,1,1,19.1489361702128,5.25,17,3
148,1,1,28.3018867924528,5.05,17,3
151,1,1,10,5,15,-10
151,1,1,NA,NA,NA,-10
152,1,1,75.2688172043011,5.12,15,-22.75
152,1,1,50.5263157894737,5.05,15,-22.75
157,1,2,64.5161290322581,5,12,2.5
157,1,2,66.6666666666667,5.5,11,2.5
161,1,3,32.6530612244898,5,17,11.5
161,1,3,72.2222222222222,5.05,17,11.5
163,1,3,50,5,16.5,-3
163,1,3,7.14285714285714,5.05,15,-3
164,1,3,17.3913043478261,5,19,-7.5
164,1,3,32.258064516129,5.05,17,-7.5
165,1,4,71.4285714285714,5,12.5,-5.5
165,1,4,44.4444444444444,5.05,12.5,-5.5
169,1,1,36.9230769230769,5,16,-5.5
169,1,1,74.0740740740741,5.05,16,-5.5
170,1,1,43.4782608695652,5,16,11
170,1,1,58.8235294117647,5.05,16,11
187,1,3,23.5294117647059,5.62,15,-0.25
187,1,3,29.8507462686567,5.05,15,-0.25
190,1,3,16.6666666666667,5,16,-4
190,1,3,26.9230769230769,5.05,15,-4
196,1,4,37.2093023255814,5,11.5,-3.5
196,1,4,0,5.05,12.5,-3.5
197,1,1,71.875,5,17,-11.5
197,1,1,24.390243902439,5.05,17,-11.5
234,1,1,0,5,16,7
234,1,1,66.6666666666667,5.05,16,7
240,1,3,42.2535211267606,5.1,17,-10
240,1,3,58.8235294117647,5.05,17,-10
241,1,3,47.6190476190476,5,16,NA
241,1,3,NA,5.05,16,NA
242,1,3,75.7575757575758,5.25,17,-13
242,1,3,60,5.05,16,-13
245,1,3,68.1818181818182,5.5,13.5,-4
245,1,3,44.4444444444444,5.05,13,-4
259,1,1,56.5217391304348,5,14.5,3.5
259,1,1,56.6037735849057,5.05,14.5,3.5
268,1,1,43.4782608695652,5,15,0.25
268,1,1,0,5.05,15,0.25
271,1,2,0,5,11,2
271,1,2,0,5.05,12,2
272,1,2,32,5.05,11,-0.5
272,1,2,16.6666666666667,5.25,12,-0.5
274,1,2,0,5.5,10,0
274,1,2,31.5789473684211,5.05,11,0
276,1,2,38.4615384615385,5,10.5,2.5
276,1,2,32.258064516129,5.05,12,2.5
296,1,1,29.4117647058824,5.3,16,-2.5
296,1,1,27.5862068965517,5.05,16,-2.5
299,1,2,33.3333333333333,5,11.5,5
299,1,2,42.8571428571429,5.05,11.5,5
301,1,2,42.1052631578947,5,10.5,-12.5
301,1,2,30.7692307692308,5.05,10.5,-12.5
320,1,2,43.4782608695652,5,12,-1.5
320,1,2,40,5.05,11,-1.5
321,1,2,23.0769230769231,5,12.5,-1.5
321,1,2,34.7826086956522,5.05,12,-1.5
324,1,3,41.6666666666667,5.25,24,-1.5
324,1,3,47.3118279569892,5.05,24,-1.5
326,1,3,39.5604395604396,5.15,24,-19
326,1,3,0,5.05,24,-19
330,1,4,26.6666666666667,5.42,15.5,1
330,1,4,18.75,5.67,14.5,1
334,1,1,55.5555555555556,5,12.5,-5
334,1,1,0,5.05,12.5,-5
349,1,3,11.9047619047619,5,16,-7
349,1,3,0,5.05,15,-7
354,1,4,68.2926829268293,5.06,10.5,-5
354,1,4,58.0645161290323,5.05,10.5,-5
356,1,4,56.0975609756098,5.05,11.5,-2.5
356,1,4,0,5.05,11.5,-2.5
357,1,4,25.7142857142857,5,11.5,9.5
357,1,4,77.7777777777778,5.25,12.5,9.5
371,1,1,43.6363636363636,5,16,-0.5
371,1,1,40.7407407407407,5.25,16,-0.5
373,1,1,58.3333333333333,5,15.5,5.5
373,1,1,61.0169491525424,5.05,15.5,5.5
375,1,1,73.5294117647059,5.25,15,-17.5
375,1,1,0,5.5,15,-17.5
378,1,1,55.5555555555556,5,18.5,13.5
378,1,1,63.4920634920635,5.05,19,13.5
381,1,1,41.6666666666667,5,16.5,3.5
381,1,1,54.5454545454545,5.05,16.5,3.5
403,1,3,NA,5.05,18,NA
403,1,3,43.1372549019608,5.05,16,NA
406,1,4,35.8208955223881,5,11.5,-1.5
406,1,4,53.125,5.5,12.5,-1.5
408,1,4,41.6666666666667,5.75,10.5,2.5
408,1,4,55.1724137931034,5.5,10.5,2.5
409,1,1,8.57142857142857,5,15,-24.5
409,1,1,0,5.05,15,-24.5
1,1,1,45.7142857142857,4.5,16,9
1,1,1,45.4545454545455,5.05,16,9
2,1,1,62.5,4.75,14,-0.5
2,1,1,48.3870967741936,5.25,15,-0.5
3,1,2,38.7096774193548,4.25,10,-5
3,1,2,38.0952380952381,5.05,11,-5
4,1,3,52.6315789473684,4.75,12.5,5
4,1,3,20.8333333333333,5.05,13.5,5
5,1,3,20.8333333333333,4.5,17,5
5,1,3,34.4827586206897,5.15,17,5
8,1,4,NA,4.8,12,NA
8,1,4,49.1803278688525,5.05,13,NA
9,1,1,33.3333333333333,4.37,16,-16
9,1,1,0,5.05,16,-16
10,1,1,51.7241379310345,4.25,16,-2.5
10,1,1,56.6037735849057,5.05,16,-2.5
11,1,1,34.4827586206897,4.25,16,-2
11,1,1,44.4444444444444,5.05,16,-2
12,1,1,30.5882352941176,4.37,16,5.25
12,1,1,56.6037735849057,5.05,16,5.25
13,1,2,0,4.5,10,-5
13,1,2,19.047619047619,5,11,-5
15,1,3,15.3846153846154,4.6,17,-1.5
15,1,3,27.7777777777778,5.05,17,-1.5
16,1,3,28.5714285714286,4.5,17,-2.5
16,1,3,37.8378378378378,5.05,17,-2.5
17,1,3,0,4.37,17,11.5
17,1,3,15.6862745098039,5.05,17,11.5
18,1,3,49.1803278688525,4.25,17,1.5
18,1,3,25,5.05,17,1.5
19,1,1,17.0212765957447,4.25,16,9.5
19,1,1,18.1818181818182,5.05,16,9.5
21,1,2,35.7142857142857,4.45,10.5,-6.5
21,1,2,0,5.05,10,-6.5
22,1,3,20.6896551724138,4.35,16,-2
22,1,3,24,5.05,15,-2
23,1,1,0,4.5,16,8.5
23,1,1,58.3333333333333,5.05,16.5,8.5
24,1,1,56.6037735849057,4.75,16,2.5
24,1,1,51.7241379310345,5.05,NA,2.5
28,1,2,0,4.5,10,2
28,1,2,60,NA,10,2
29,1,2,0,4.5,11,4
29,1,2,0,5.05,11,4
32,1,3,43.010752688172,4.5,11.5,-5.75
32,1,3,11.4285714285714,5.05,11.5,-5.75
34,1,3,32.258064516129,4.95,11.5,2
34,1,3,62.8571428571429,5.05,11.5,2
35,1,4,77.5193798449613,4.5,11.5,-7.25
35,1,4,52,5.05,11.5,-7.25
38,1,1,50,4.25,17,-4
38,1,1,38.4615384615385,5.05,17.5,-4
63,1,1,NA,4.25,18,NA
63,1,1,62.5,5.05,18,NA
64,1,1,65.5737704918033,4.5,16,-8
64,1,1,57.7777777777778,5.05,16,-8
65,1,1,0,4.8,15.5,NA
65,1,1,NA,5.05,NA,NA
66,1,1,55.5555555555556,4.25,17,8
66,1,1,74.2857142857143,5.05,17,8
67,1,1,27.027027027027,4.5,13.5,-0.75
67,1,1,22.5352112676056,5.05,13.5,-0.75
68,1,1,78.9473684210526,4.25,17,-13.5
68,1,1,53.0612244897959,5.05,17,-13.5
69,1,1,0,4.25,18,0
69,1,1,0,5.05,18,0
70,1,1,70,4.5,16,-20
70,1,1,33.3333333333333,5.05,16,-20
71,1,1,0,4.75,17,18.5
71,1,1,74.3589743589744,5.05,17,18.5
73,1,2,0,4.25,12,10.5
73,1,2,82.3529411764706,5.05,11,10.5
75,1,2,22.2222222222222,4.25,11,-1
75,1,2,32,5.05,11,-1
76,1,3,28.5714285714286,4.25,17,10.5
76,1,3,64.9350649350649,5.05,16.5,10.5
79,1,3,27.906976744186,4.5,17,-1.5
79,1,3,40,5.05,16,-1.5
80,1,4,NA,4.25,11.5,NA
80,1,4,52.3809523809524,5.05,12.5,NA
84,1,1,16.6666666666667,4.5,16,8
84,1,1,37.5,5.05,16,8
86,1,1,53.6585365853659,4.25,15,-1.5
86,1,1,47.3684210526316,5.05,15,-1.5
87,1,1,NA,4.5,15,NA
87,1,1,0,5.05,15,NA
88,1,1,12.7659574468085,4.25,15,3
88,1,1,15.0943396226415,5.05,15,3
91,1,1,34.7826086956522,4.25,17,-4
91,1,1,0,5.05,17,-4
92,1,1,23.5294117647059,4.25,15,3
92,1,1,70,5.05,15,3
93,1,1,12.1951219512195,4.25,16,2
93,1,1,22.2222222222222,5.05,16,2
95,1,2,76.5957446808511,4.25,10,-13.5
95,1,2,0,5.05,10,-13.5
96,1,2,0,4.25,10,3
96,1,2,0,5.05,10.5,3
97,1,2,0,4.25,10,1
97,1,2,22.7272727272727,5.05,10,1
98,1,2,0,4.25,10,-1.5
98,1,2,24,5.05,10,-1.5
99,1,3,70.5882352941177,4.75,24,-26
99,1,3,50.8474576271186,5.05,24,-26
101,1,3,30,4.75,15,4
101,1,3,52.6315789473684,5.05,15,4
102,1,3,55.8139534883721,4.4,16,-6
102,1,3,0,5.05,15,-6
104,1,4,75.4716981132076,4.62,11.5,-34
104,1,4,57.8947368421053,5.05,12.5,-34
105,1,1,0,4.25,16.5,2.5
105,1,1,0,5.05,16.5,2.5
106,1,1,0,4.25,16,-3
106,1,1,11.4285714285714,5.05,16,-3
107,1,1,41.3793103448276,4.25,14.5,6
107,1,1,65.8536585365854,5.05,14,6
108,1,1,54,4.25,17,3
108,1,1,39.2857142857143,5.05,17,3
111,1,3,62.962962962963,4.25,16,3.25
111,1,3,66.1157024793389,5.05,16,3.25
114,1,1,0,4.75,16,21.5
114,1,1,45.4545454545455,5.25,16.5,21.5
115,1,1,54.7945205479452,4.75,17,-19
115,1,1,34.2857142857143,5.05,17,-19
116,1,1,23.1884057971014,4.25,13,13.75
116,1,1,70.9677419354839,5.05,13,13.75
118,1,1,46.5116279069767,4.25,15,9.5
118,1,1,58.0645161290323,5.05,15,9.5
119,1,1,48.9795918367347,4.75,16.5,4
119,1,1,63.1578947368421,5.05,17.5,4
120,1,1,0,4.5,16,0
120,1,1,0,5.05,16,0
122,1,1,4,4.25,12.5,16
122,1,1,24.390243902439,5.05,12.5,16
124,1,1,50,4.25,15,12
124,1,1,75,5.05,15,12
125,1,2,78.9473684210526,4.5,12.5,-9.5
125,1,2,0,5.05,12,-9.5
130,1,3,30.7692307692308,4.5,18,2.25
130,1,3,8,5.05,16,2.25
132,1,3,57.1428571428571,4.5,24,-7
132,1,3,53.5714285714286,5.5,14,-7
133,1,3,37.5,4.75,17,0
133,1,3,18.75,5.05,15,0
134,1,3,26.1904761904762,4.62,16,1.75
134,1,3,26.3736263736264,5.05,16,1.75
136,1,3,54.2056074766355,4.25,17,NA
136,1,3,NA,NA,16,NA
137,1,3,49.1803278688525,4.25,16,1.5
137,1,3,37.5,5.05,15,1.5
140,1,4,0,4.5,11.5,4.5
140,1,4,18.1818181818182,5.67,11.5,4.5
141,1,4,46.5116279069767,4.75,12.5,4
141,1,4,39.2156862745098,5.05,12.5,4
142,1,4,41.0958904109589,4.25,11.5,24
142,1,4,66.1157024793389,5.05,11.5,24
146,1,1,34.7826086956522,4.8,16,-2.5
146,1,1,0,5.05,16,-2.5
149,1,1,0,4.5,16,2
149,1,1,50,5.05,16,2
150,1,1,0,4.67,16,7.75
150,1,1,48,5.75,15,7.75
156,1,1,43.2432432432432,4.87,15,-5.5
156,1,1,15.3846153846154,5.05,15,-5.5
158,1,2,23.5294117647059,4.5,10,0.5
158,1,2,33.3333333333333,5.05,11.5,0.5
159,1,2,42.8571428571429,4.5,10.5,2.5
159,1,2,60.6060606060606,5.25,11.5,2.5
162,1,3,0,4.75,16.5,-2
162,1,3,14.2857142857143,5.05,15.5,-2
166,1,4,27.5862068965517,4.75,11.5,-7.5
166,1,4,0,5.05,12.5,-7.5
168,1,1,26.3157894736842,4.25,15,1
168,1,1,0,5.25,16,1
171,1,1,9.52380952380952,4.25,16,0.25
171,1,1,47.0588235294118,5.05,16,0.25
172,1,1,0,4.75,12.5,4.5
172,1,1,32.5581395348837,5.05,13,4.5
173,1,1,16.6666666666667,4.85,17.5,-5
173,1,1,35.4838709677419,5.05,18,-5
174,1,1,44,4.75,16,8
174,1,1,60.6060606060606,5.05,16,8
176,1,1,50.8474576271186,4.62,16,8.25
176,1,1,52.9801324503311,5.05,16,8.25
178,1,2,59.0909090909091,4.25,10,-13
178,1,2,11.1111111111111,5.05,10.5,-13
179,1,2,18.1818181818182,4.25,10.5,0
179,1,2,18.1818181818182,5.05,11,0
180,1,2,59.2592592592593,4.5,11,-0.75
180,1,2,0,5.05,12,-0.75
182,1,2,22.2222222222222,4.5,11,-3
182,1,2,0,5.05,10,-3
183,1,2,66.6666666666667,4.62,11,4
183,1,2,68.1818181818182,5.05,10.5,4
185,1,2,21.0526315789474,4.5,10.5,-1.5
185,1,2,25,5.05,10.5,-1.5
186,1,3,41.6666666666667,4.75,16,1
186,1,3,48,5.05,16,1
189,1,3,27.5862068965517,4.75,15,-2
189,1,3,0,5.05,15,-2
192,1,4,68.9655172413793,4.87,12,-6.5
192,1,4,20,5.25,12.5,-6.5
193,1,4,9.52380952380952,4.5,11,1
193,1,4,34.7826086956522,5.05,13,1
195,1,4,0,4.25,11.5,5.5
195,1,4,34.0425531914894,5.05,12.5,5.5
198,1,1,NA,4.25,16,NA
198,1,1,33.3333333333333,5.05,16,NA
199,1,2,0,4.35,10,7.5
199,1,2,66.6666666666667,5.05,10.5,7.5
200,1,1,0,4.25,18,-4
200,1,1,17.2413793103448,5.05,17.5,-4
201,1,1,0,4.5,17,10.5
201,1,1,53.3333333333333,5.05,17,10.5
202,1,1,73.1707317073171,4.25,19,-18.5
202,1,1,57.7777777777778,5.05,19,-18.5
203,1,1,52.9411764705882,4.25,17,7
203,1,1,16.6666666666667,5.05,17,7
204,1,1,54.7945205479452,4.25,17.5,3.5
204,1,1,55.1724137931034,5.05,17.5,3.5
207,1,2,47.0588235294118,4.75,12,-3.5
207,1,2,62.962962962963,5.2,12,-3.5
208,1,3,37.5,4.62,17,-8
208,1,3,20.8333333333333,5.05,14,-8
209,1,3,15.3846153846154,4.25,18,2.5
209,1,3,21.0526315789474,5.05,16,2.5
210,1,4,0,4.5,11.5,-1.5
210,1,4,0,5.05,11,-1.5
211,1,1,14.2857142857143,4.5,15,2.5
211,1,1,8.51063829787234,5.05,15,2.5
212,1,1,48.3516483516484,4.5,16,7.75
212,1,1,65.5737704918033,5.05,16,7.75
213,1,1,24.3243243243243,4.55,17.5,6.25
213,1,1,48.4848484848485,5.05,17.5,6.25
214,1,1,10,4.62,16,2.5
214,1,1,0,5.05,16.25,2.5
215,1,1,55.5555555555556,4.5,16,10
215,1,1,71.4285714285714,5.05,16,10
216,1,2,19.047619047619,4.25,10.5,3.5
216,1,2,14.2857142857143,5.05,10.5,3.5
217,1,2,19.047619047619,4.25,10,-1.5
217,1,2,0,5.05,10.5,-1.5
218,1,2,63.6363636363636,4.35,10,-1.5
218,1,2,52.6315789473684,5.05,11,-1.5
219,1,2,28.5714285714286,4.25,10,5
219,1,2,58.0645161290323,5.05,10.5,5
220,1,2,24,4.25,10,-0.5
220,1,2,25,5.05,10,-0.5
221,1,2,5.55555555555556,4.6,11,-6.5
221,1,2,8.69565217391304,5.05,11,-6.5
222,1,3,11.7647058823529,4.25,12.5,-4.5
222,1,3,16,5.05,11.5,-4.5
223,1,3,20,4.75,16,1
223,1,3,18.75,5.05,15,1
225,1,3,15.3846153846154,4.75,17,9
225,1,3,42.1052631578947,5.05,17,9
226,1,4,0,4.25,11.5,2
226,1,4,0,5.3,10.5,2
228,1,4,14.8148148148148,4.5,12.5,3.25
228,1,4,46.8085106382979,5.05,12.5,3.25
229,1,1,11.5384615384615,4.5,13.5,4.5
229,1,1,72.1311475409836,5.5,13.5,4.5
230,1,1,0,4.25,17,11
230,1,1,56.6037735849057,5.05,17,11
232,1,1,75,4.75,16,3
232,1,1,66.6666666666667,5.05,15,3
233,1,1,74.5098039215686,4.65,16,-4
233,1,1,69.7674418604651,5.05,16,-4
235,1,1,34.4827586206897,4.25,16,NA
235,1,1,NA,5.05,15,NA
237,1,1,55.8139534883721,4.25,16,0
237,1,1,41.8604651162791,5.05,15.5,0
238,1,2,0,4.75,12,23.5
238,1,2,66.6666666666667,5.05,12,23.5
239,1,2,75,4.25,13.5,-8.5
239,1,2,0,5.05,12.5,-8.5
243,1,3,31.1111111111111,4.5,16.5,-1.5
243,1,3,33.3333333333333,5.05,15.5,-1.5
244,1,3,40,4.25,18,-2
244,1,3,57.1428571428571,5.05,17,-2
247,1,4,0,4.5,15.5,0
247,1,4,0,5.05,15.5,0
248,1,4,36.3636363636364,4.75,16,1
248,1,4,43.4782608695652,5.05,16,1
249,1,1,46.1538461538462,4.37,15,6
249,1,1,52.6315789473684,5.05,15,6
250,1,2,20,4.5,10,2
250,1,2,28.5714285714286,5.05,10,2
253,1,3,51.8518518518518,4.87,13,0.5
253,1,3,28.5714285714286,5.05,16,0.5
257,1,1,71.4285714285714,4.25,16,NA
257,1,1,NA,NA,NA,NA
258,1,1,22.2222222222222,4.25,16,14
258,1,1,62.5,5.05,18,14
260,1,1,41.6666666666667,4.25,16,-2
260,1,1,18.1818181818182,5.05,16,-2
262,1,1,42.4242424242424,4.25,16.5,-2.25
262,1,1,0,5.05,17.5,-2.25
264,1,1,0,4.25,15,9.5
264,1,1,0,5.05,16,9.5
265,1,1,0,4.25,16,-11
265,1,1,NA,NA,NA,-11
267,1,1,33.3333333333333,4.25,16,28
267,1,1,63.1578947368421,5.05,16,28
269,1,2,20,4.45,10,5.5
269,1,2,64.5161290322581,5.05,11,5.5
273,1,2,15.3846153846154,4.62,10,-2.5
273,1,2,19.047619047619,5.05,10,-2.5
275,1,2,40,4.25,11,-3
275,1,2,14.2857142857143,5.05,10.5,-3
277,1,2,16,4.25,10,-1.5
277,1,2,9.09090909090909,5.05,10,-1.5
278,1,2,37.5,4.25,10,0.5
278,1,2,0,5.05,11,0.5
282,1,3,16.6666666666667,4.25,16,-12
282,1,3,NA,NA,NA,-12
284,1,3,24.390243902439,4.5,16,-5.5
284,1,3,40,5.05,16,-5.5
285,1,3,16.2162162162162,4.75,16,-5
285,1,3,22.2222222222222,5.05,16,-5
286,1,3,8.69565217391304,4.75,11.5,1
286,1,3,16,5.05,11.5,1
287,1,3,20,4.5,16,-2.5
287,1,3,16,5.05,16,-2.5
288,1,3,0,4.75,16,-0.5
288,1,3,40,5.05,16,-0.5
289,1,3,20,4.25,16,0
289,1,3,30,5.05,15,0
290,1,4,47.0588235294118,4.75,12.5,-3.5
290,1,4,0,5.05,11.5,-3.5
291,1,4,23.5294117647059,4.55,11.5,-1
291,1,4,31.25,5.1,11.5,-1
292,1,4,48.780487804878,4.8,16,3
292,1,4,63.8297872340426,5.05,16,3
295,1,1,51.6129032258064,4.75,16.5,NA
295,1,1,NA,5.05,18,NA
297,1,1,46.1538461538462,4.25,16,14.5
297,1,1,44.1176470588235,5.05,16,14.5
303,1,3,32.7868852459016,4.35,17,2
303,1,3,36.9230769230769,5.05,16,2
304,1,3,43.4782608695652,4.5,17,-1.5
304,1,3,46.5116279069767,5.05,24,-1.5
305,1,3,0,4.39,17,7
305,1,3,25,5.05,18,7
307,1,3,57.8512396694215,4.25,18,13.25
307,1,3,57.4712643678161,5.2,24,13.25
310,1,4,0,4.25,11.5,-0.5
310,1,4,17.1428571428571,5.05,11.5,-0.5
312,1,1,40,4.25,11,-3
312,1,1,42.8571428571429,5.05,10,-3
313,1,1,56.4102564102564,4.5,15,NA
313,1,1,NA,5.05,15,NA
314,1,1,47.0588235294118,4.62,15,5
314,1,1,68.1818181818182,5.25,16,5
316,1,1,58.8235294117647,4.62,16,-3.5
316,1,1,54.5454545454545,5.05,16,-3.5
317,1,1,0,4.25,12,1
317,1,1,57.1428571428571,5.05,10.5,1
318,1,2,43.4782608695652,4.75,12,2.5
318,1,2,50,5.05,11.5,2.5
319,1,2,0,4.62,12.5,18.5
319,1,2,81.4814814814815,5.05,11.5,18.5
322,1,3,43.2432432432432,4.75,16,0
322,1,3,64.8648648648649,5.05,15,0
325,1,3,25.8064516129032,4.5,15,-4
325,1,3,8.69565217391304,5.05,15,-4
333,1,1,14.0350877192982,4.25,15,1.75
333,1,1,18.75,5.05,15,1.75
336,1,1,73.6842105263158,4.5,15,-13
336,1,1,40,5.05,16,-13
337,1,1,20.2020202020202,4.87,17,5.75
337,1,1,81.9672131147541,5.05,17,5.75
339,1,1,78.2608695652174,4.25,16,-11.5
339,1,1,43.4782608695652,5.05,16,-11.5
340,1,1,25,4.25,14.5,1.5
340,1,1,58.8235294117647,5.05,16,1.5
341,1,2,26.6666666666667,4.62,9.5,2
341,1,2,31.5789473684211,5.05,11,2
343,1,2,66.6666666666667,4.75,10.5,-3.5
343,1,2,34.7826086956522,5.05,12,-3.5
346,1,2,21.6216216216216,4.25,10,2.75
346,1,2,25,NA,11,2.75
348,1,3,26.6666666666667,4.25,10.5,-11.25
348,1,3,NA,NA,NA,-11.25
350,1,3,48.4848484848485,4.75,16,0.5
350,1,3,29.4117647058824,5.05,17,0.5
351,1,3,10.6666666666667,4.25,16,5.25
351,1,3,41.6666666666667,5.05,16,5.25
352,1,3,0,4.75,11.5,NA
352,1,3,NA,NA,NA,NA
353,1,3,34.4827586206897,4.37,16,NA
353,1,3,NA,5.05,16,NA
355,1,4,14.8148148148148,4.87,11.5,0
355,1,4,22.2222222222222,NA,11.5,0
359,1,1,0,4.25,15,2
359,1,1,0,5.05,16,2
360,1,1,17.1428571428571,4.25,15,10.5
360,1,1,17.8571428571429,5.05,16,10.5
361,1,1,34.2857142857143,4.25,16,4
361,1,1,18.6046511627907,5.05,16,4
362,1,2,NA,4.25,12.5,NA
362,1,2,80,5.05,12.5,NA
363,1,2,0,4.25,12.5,4
363,1,2,71.7948717948718,5.2,12.5,4
364,1,2,21.2121212121212,4.25,12,3.5
364,1,2,5,5.05,12.5,3.5
366,1,3,14.8148148148148,4.5,11.5,1
366,1,3,6.89655172413793,5.05,11.5,1
368,1,4,0,4.25,12.5,1.5
368,1,4,0,5.05,11.5,1.5
369,1,1,0,4.35,15,-11.5
369,1,1,NA,NA,NA,-11.5
370,1,1,68.8468158347676,4.85,16,2.4499999999999993
370,1,1,82.5396825396825,5.05,16,2.4499999999999993
376,1,1,30.7692307692308,4.5,14,-1.5
376,1,1,0,5.05,14,-1.5
377,1,1,66.6666666666667,4.25,14,2
377,1,1,55,5.05,14,2
379,1,1,66.6666666666667,4.62,16,4
379,1,1,82.3529411764706,5.05,16,4
380,1,1,48.780487804878,4.5,16,4.5
380,1,1,60,5.05,16,4.5
383,1,1,60,4.5,16,0
383,1,1,70,5.05,16,0
384,1,1,NA,4.65,16,NA
384,1,1,0,5.05,16,NA
385,1,1,61.5384615384615,4.25,17,-1
385,1,1,60,5.05,17,-1
386,1,1,0,4.25,17,10.5
386,1,1,60.8695652173913,5.05,17,10.5
391,1,2,76.9230769230769,4.25,10,-2
391,1,2,68.5714285714286,5.05,10,-2
393,1,2,33.3333333333333,4.62,11,11
393,1,2,78.2608695652174,5.25,11,11
396,1,3,66.6666666666667,4.87,17,-10
396,1,3,30.7692307692308,5.4,16,-10
397,1,3,19.047619047619,4.25,17,-4.5
397,1,3,36.3636363636364,5.05,17,-4.5
398,1,3,57.1428571428571,4.75,17,11
398,1,3,70.4225352112676,5.05,17,11
399,1,3,65,4.87,17,11
399,1,3,58.0645161290323,5.05,16,11
400,1,3,60.377358490566,4.5,17,-3.5
400,1,3,34.7826086956522,5.05,16,-3.5
401,1,3,53.3333333333333,4.25,16,7.5
401,1,3,22.2222222222222,5.05,16,7.5
402,1,3,57.8947368421053,4.75,16,2.5
402,1,3,79.0697674418605,5.05,15,2.5
405,1,3,34.2857142857143,4.32,17,-5.5
405,1,3,12.5,5.05,16,-5.5
410,1,1,0,4.25,16,0
410,1,1,0,5.05,16,0
411,1,1,0,4.5,16,4
411,1,1,16,5.05,16,4
412,1,2,0,4.5,11,-2
412,1,2,0,5.05,11,-2
413,1,1,0,4.25,17,-10
413,1,1,0,5.05,17,-10
414,1,1,0,4.25,16,-1.5
414,1,1,60.4651162790698,5.05,16,-1.5
415,1,1,27.5862068965517,4.25,16,-6
415,1,1,0,5.05,16,-6
417,1,1,19.047619047619,4.25,16,4.5
417,1,1,50.9803921568627,5.05,16,4.5
418,1,1,72.289156626506,4.25,15,-20
418,1,1,0,5.05,16,-20
419,1,2,25,4.25,11,-2.5
419,1,2,52.6315789473684,5.05,11,-2.5
421,1,2,60.6060606060606,4.62,13,3.5
421,1,2,68.4931506849315,5.05,13,3.5
422,1,2,0,4.75,11,9.5
422,1,2,31.25,5.05,11,9.5
423,1,2,22.2222222222222,4.95,12,14.75
423,1,2,80,5.25,11,14.75
424,1,2,35.8974358974359,4.75,11,7.75
424,1,2,68.5714285714286,5.25,14,7.75
426,1,3,12.2448979591837,4.25,19,-4
426,1,3,24.390243902439,5.05,18,-4
427,1,4,50,4.75,12.5,6.5
427,1,4,0,5.05,12.5,6.5
428,1,4,0,4.62,12.5,5.5
428,1,4,40,5.14,12.5,5.5
